1,42,Economy,A6
2,27,Economy,G7
3,81,First,Q5
4,51,Business,G9
5,57,Economy,W3
6,9,First,T9
7,68,Business,A3
8,93,First,X0
9,90,Business,M9
10,74,Economy,R4
11,32,First,E9
12,28,Business,S7
13,43,Economy,G4
14,60,Economy,N2
15,85,First,B2
16,39,Business,Q8
17,54,Economy,V2
18,24,Economy,T3
19,11,First,S5
20,35,Business,T9
21,3,Economy,O2
22,45,First,O3
23,7,Business,U9
24,22,First,L4
25,56,Business,A7
26,49,Economy,A3
27,73,First,A8
28,70,Business,M8
29,62,Business,H0
30,33,Economy,B6
31,68,First,X5
32,74,Business,O0
33,89,Economy,V2
34,28,First,B2
35,94,Business,E7
36,88,First,E9
37,94,Business,Z1
38,97,Economy,M0
39,22,First,D1
40,87,Business,P4
41,22,Economy,P9
42,97,First,A6
43,17,Business,K5
44,85,First,U8
45,21,Business,J7
46,59,Economy,G5
47,36,First,E6
48,73,Business,T9
49,91,Economy,I8
50,23,Economy,Y3
51,62,First,R3
52,78,Business,N7
53,14,Economy,Y0
54,37,First,W4
55,10,Business,M1
56,49,First,N8
57,48,Business,X2
58,60,Economy,N4
59,46,First,E6
60,7,Business,R5
61,50,Economy,K9
62,63,Economy,B6
63,74,First,H3
64,2,Business,C6
65,82,Economy,P2
66,75,Economy,N5
67,87,First,B5
68,75,Business,K4
69,14,Economy,R1
70,41,First,R1
71,74,Business,X8
72,96,First,W3
73,5,Business,O3
74,92,Economy,S8
75,47,First,Z9
76,97,Business,J2
77,17,Business,T2
78,4,Economy,Y4
79,29,First,A9
80,62,Business,U9
81,63,Economy,D0
82,6,First,H4
83,11,Economy,S2
84,17,Economy,F7
85,43,First,P2
86,29,Business,M1
87,42,Economy,W2
88,63,First,U1
89,65,Business,C9
90,23,First,X9
91,63,Business,D5
92,52,Economy,R2
93,41,First,X4
94,1,Business,P4
95,42,Economy,Q5
96,34,Economy,Q5
97,62,First,I7
98,29,Business,J4
99,48,Economy,S9
100,45,Economy,R2
101,57,First,H1
102,17,Business,X0
103,72,Economy,S5
104,48,First,L6
105,46,Business,Z0
106,61,First,T1
107,61,Business,H3
108,70,Economy,Q2
109,77,First,W6
110,91,Business,D3
111,82,Business,F7
112,99,Economy,T8
113,4,First,O1
114,19,Business,Y5
115,12,Economy,F7
116,73,Economy,Y4
117,85,Economy,G2
118,96,First,Y9
119,16,Business,Q4
120,84,Economy,O7
121,14,First,I5
122,44,Business,X6
123,75,First,O8
124,87,Business,X2
125,31,Economy,N5
126,39,First,A2
127,77,Business,W9
128,99,Economy,W6
129,60,Economy,N2
130,7,First,Z9
131,24,Business,T5
132,77,Economy,Y7
133,53,Economy,A6
134,52,First,C2
135,40,Business,F2
136,37,Economy,C3
137,33,First,Q1
138,56,Business,S8
139,67,First,Y3
140,94,Business,E1
141,7,Economy,M3
142,29,First,Z0
143,90,Business,A3
144,33,Business,O8
145,55,Economy,W4
146,35,First,Y9
147,89,Economy,H7
148,76,Economy,Y4
149,16,First,X5
150,21,Business,T9
151,51,Economy,X4
152,5,First,Q9
153,10,Business,D1
154,34,First,X2
155,33,Business,K3
156,18,Economy,T7
157,83,First,F2
158,29,Business,O0
159,9,Economy,S0
160,4,Economy,D7
161,88,First,E2
162,39,Business,Y0
163,28,Economy,G6
164,84,Economy,H3
165,16,First,I4
166,51,Business,T5
167,28,Economy,V5
168,7,First,I3
169,12,Business,T9
170,27,First,P3
171,71,Business,E5
172,34,Economy,V6
173,25,First,X1
174,54,Business,F3
175,67,Business,L0
176,31,Economy,H6
177,15,First,E5
178,54,Business,L7
179,52,Economy,S1
180,72,First,C9
181,43,Business,N6
182,44,First,V3
183,43,Business,G3
184,81,Economy,H3
185,26,First,X1
186,5,Business,V8
187,75,Economy,M7
188,23,First,H9
189,37,Business,N2
190,53,First,D5
191,87,Business,I5
192,97,Economy,D6
193,96,First,S0
194,53,Business,W7
195,68,Economy,Q6
196,5,Economy,D5
197,88,First,W2
198,85,Business,S9
199,24,Economy,S1
200,58,First,Y7
201,64,Business,F4
202,84,First,M5
203,81,Business,C3
204,72,Economy,Q7
205,40,First,V4
206,20,Business,P1
207,22,Economy,I3
208,70,Economy,A6
209,24,First,I4
210,98,Business,K1
211,3,Economy,Q0
212,97,Economy,W6
213,58,First,U3
214,21,Business,G5
215,16,Economy,Q5
216,30,First,T2
217,91,Business,W6
218,20,First,Z8
219,67,Business,H3
220,82,Economy,U7
221,11,First,J2
222,65,Business,I4
223,51,Business,R8
224,72,Economy,P3
225,78,First,E7
226,81,Business,N9
227,29,Economy,J3
228,48,First,F3
229,30,Business,M0
230,13,First,D2
231,97,Business,M8
232,70,Economy,S1
233,12,First,E0
234,92,Business,W3
235,62,Economy,B9
236,76,First,K2
237,51,Business,X6
238,14,First,B1
239,71,Business,F6
240,92,Economy,W7
241,16,First,C9
242,8,Business,K8
243,50,Economy,S4
244,69,Economy,N6
245,25,First,V5
246,2,Business,M5
247,2,Economy,C6
248,56,First,N9
249,75,Business,J1
250,84,First,R3
251,85,Business,L6
252,39,Economy,B2
253,59,First,D2
254,90,Business,A8
255,84,Economy,S0
256,22,Economy,W6
257,61,First,G1
258,20,Business,I6
259,51,Economy,Q2
260,49,Economy,V9
261,18,First,H9
262,84,Business,G8
263,8,Economy,G1
264,75,First,C6
265,64,Business,R5
266,20,First,H3
267,8,Business,M8
268,62,Economy,J3
269,4,First,C6
270,50,Business,S5
271,85,Business,S4
272,16,Economy,Q2
273,24,First,F3
274,80,Business,F3
275,21,Economy,I9
276,2,First,P0
277,80,Economy,F1
278,70,Economy,H1
279,5,First,A5
280,56,Business,F4
281,79,Economy,I9
282,7,First,W2
283,72,Business,Z7
284,84,First,G6
285,89,Business,J8
286,66,Economy,Q4
287,62,First,C0
288,89,Business,Q6
289,11,Economy,X3
290,100,Economy,J2
291,24,First,X8
292,39,Business,H7
293,71,Economy,B0
294,85,Economy,S3
295,83,First,N0
296,64,Business,O1
297,40,Economy,Y5
298,51,First,D2
299,44,Business,X9
300,62,First,G6
301,66,Business,R0
302,60,Economy,Q9
303,55,First,M4
304,8,Business,A8
305,70,Business,I9
306,76,Economy,M0
307,8,First,T2
308,46,Business,Y3
309,95,Economy,Q2
310,69,Economy,L0
311,23,Economy,N7
312,26,First,J1
313,19,Business,Q1
314,91,Economy,N8
315,57,First,K6
316,42,Business,Y0
317,11,First,G2
318,100,Business,B9
319,43,Economy,Q4
320,75,First,T8
321,14,Business,O1
322,85,Economy,M5
323,83,Economy,Z8
324,99,First,S4
325,39,Business,I1
326,83,Economy,Q4
327,69,Economy,J6
328,57,First,U8
329,46,Business,A4
330,80,Economy,X9
331,26,First,T9
332,60,Business,I8
333,71,First,A9
334,79,Business,L1
335,94,Economy,C5
336,53,First,Q9
337,3,Business,H3
338,35,Business,Y8
339,11,Economy,X7
340,78,First,H0
341,27,Economy,G4
342,24,Economy,J7
343,51,First,W3
344,79,Business,Z7
345,49,Economy,W4
346,78,First,J8
347,25,Business,Z8
348,88,First,W8
349,12,Business,S8
350,37,Economy,R4
351,92,First,K0
352,37,Business,I0
353,77,Economy,Q5
354,23,Economy,R6
355,66,First,L7
356,70,Business,N6
357,22,Economy,Z4
358,60,Economy,R0
359,31,First,B5
360,95,Business,G2
361,56,Economy,W1
362,53,First,N5
363,95,Business,Q9
364,5,First,P9
365,35,Business,W5
366,21,Economy,U6
367,70,First,L5
368,72,Business,T4
369,58,Business,I6
370,90,Economy,V5
371,87,First,V2
372,28,Business,X3
373,14,Economy,W1
374,24,First,F9
375,31,Business,I7
376,55,First,A0
377,64,Business,H1
378,52,Economy,R6
379,77,First,R7
380,69,Business,D6
381,31,Economy,N0
382,37,First,O1
383,69,Business,K0
384,25,First,X9
385,9,Business,J1
386,96,Economy,C0
387,30,First,T6
388,80,Business,E0
389,45,Economy,R4
390,99,Economy,M6
391,53,First,X3
392,37,Business,F3
393,41,Economy,F4
394,91,First,Y1
395,83,Business,A6
396,20,First,N4
397,28,Business,Q9
398,33,Economy,O9
399,19,First,D0
400,88,Business,G8
401,21,Economy,W0
402,90,Economy,D1
403,93,First,Z8
404,51,Business,U7
405,100,Economy,O6
406,92,Economy,H4
407,55,First,C9
408,13,Business,L3
409,67,Economy,P7
410,11,First,X0
411,32,Business,H6
412,42,First,Y5
413,45,Business,I2
414,85,Economy,V4
415,51,First,Z2
416,52,Business,L9
417,39,Business,S7
418,78,Economy,O2
419,15,First,J6
420,59,Business,R4
421,72,Economy,S8
422,99,First,Y6
423,30,Business,X7
424,84,First,S7
425,54,Business,P4
426,83,Economy,Z0
427,77,First,P9
428,93,Business,P1
429,47,Economy,H4
430,38,First,F8
431,5,Business,Z6
432,44,First,I9
433,60,Business,K5
434,30,Economy,C6
435,62,First,U7
436,1,Business,Y1
437,75,Economy,Z8
438,16,Economy,F4
439,68,First,S5
440,8,Business,M5
441,65,Economy,H1
442,13,First,F2
443,96,Business,F9
444,27,First,Q3
445,24,Business,P8
446,23,Economy,G7
447,70,First,S5
448,38,Business,R1
449,43,Economy,M0
450,16,Economy,R0
451,97,First,J5
452,36,Business,E4
453,42,Economy,O7
454,25,Economy,R3
455,94,First,O3
456,5,Business,D0
457,29,Economy,K1
458,11,First,T3
459,59,Business,P2
460,22,First,E2
461,38,Business,R4
462,23,Economy,V5
463,44,First,B0
464,88,Business,E3
465,6,Business,W8
466,60,Economy,H5
467,58,First,P9
468,44,Business,I4
469,81,Economy,Y6
470,8,First,Y1
471,48,Economy,G8
472,37,Economy,B3
473,25,First,V9
474,39,Business,S2
475,95,Economy,L2
476,49,First,U4
477,83,Business,Z9
478,60,First,K9
479,25,Business,F6
480,71,Economy,B0
481,92,First,S3
482,37,Business,P7
483,77,Economy,X1
484,66,Economy,U7
485,79,First,O8
486,49,Business,F7
487,86,Economy,O1
488,35,Economy,O4
489,93,First,P3
490,55,Business,A7
491,22,Economy,B8
492,10,First,Z2
493,47,Business,U5
494,24,First,Y4
495,54,Business,K1
496,50,Economy,L9
497,63,First,D1
498,13,Business,L4
499,32,Business,N2
500,38,Economy,H0
501,87,First,F4
502,47,Business,V9
503,55,Economy,Q1
504,54,Economy,M5
505,73,Economy,M0
506,44,First,B3
507,86,Business,Z5
508,28,Economy,Z3
509,24,First,Y4
510,85,Business,E7
511,14,First,A6
512,56,Business,M2
513,92,Economy,N9
514,75,First,F4
515,52,Business,S1
516,67,Economy,L1
517,68,Economy,N7
518,80,First,K6
519,3,Business,G6
520,29,Economy,L4
521,73,Economy,M9
522,42,First,I2
523,96,Business,Y4
524,73,Economy,N2
525,88,First,N3
526,50,Business,B7
527,74,First,S5
528,100,Business,I7
529,35,Economy,Y1
530,100,First,B0
531,81,Business,E4
532,85,Business,F4
533,57,Economy,J2
534,51,First,G1
535,57,Economy,R1
536,82,Economy,T8
537,43,First,P7
538,12,Business,P2
539,87,Economy,G2
540,13,First,X6
541,75,Business,K7
542,76,First,T2
543,37,Business,F8
544,42,Economy,V0
545,88,First,P5
546,84,Business,B2
547,59,Economy,E3
548,16,Economy,U3
549,9,First,V0
550,65,Business,F2
551,75,Economy,P9
552,57,Economy,L9
553,27,First,X4
554,33,Business,H8
555,44,Economy,Z4
556,4,First,K3
557,68,Business,W7
558,94,First,O6
559,47,Business,Q3
560,29,Economy,U7
561,27,First,A9
562,86,Business,V2
563,41,Business,U4
564,32,Economy,T7
565,86,First,E9
566,93,Business,E9
567,79,Economy,I2
568,11,First,W4
569,71,Business,I2
570,77,First,Y2
571,72,Business,A0
572,15,Economy,A5
573,53,First,Q6
574,91,Business,Y3
575,36,Economy,C7
576,13,First,A3
577,5,Business,T7
578,92,First,U9
579,12,Business,N3
580,38,Economy,U6
581,75,First,D9
582,77,Business,G4
583,68,Economy,M1
584,68,Economy,R8
585,80,First,G2
586,67,Business,G0
587,68,Economy,G9
588,78,First,I8
589,37,Business,M5
590,100,First,P1
591,75,Business,K4
592,26,Economy,W3
593,73,First,O7
594,67,Business,R8
595,39,Economy,J4
596,27,Economy,L7
597,42,First,E9
598,83,Business,H0
599,93,Economy,I8
600,80,Economy,H9
601,93,First,F3
602,15,Business,W5
603,3,Economy,S5
604,57,First,T1
605,59,Business,H2
606,51,First,Q7
607,69,Business,T6
608,79,Economy,U9
609,14,First,S9
610,59,Business,C3
611,62,Business,Z3
612,87,Economy,R8
613,77,First,U7
614,37,Business,A1
615,36,Economy,F8
616,92,First,Q5
617,27,Business,H8
618,3,First,K3
619,76,Business,I0
620,87,Economy,X9
621,81,First,U2
622,88,Business,Q3
623,16,Economy,A3
624,76,First,M0
625,52,Business,C8
626,12,First,C3
627,80,Business,R2
628,43,Economy,I7
629,36,First,D6
630,85,Business,Z5
631,82,Economy,R9
632,58,Economy,W2
633,82,First,X5
634,99,Business,R3
635,1,Economy,A0
636,55,First,E5
637,35,Business,M6
638,87,First,S5
639,36,Business,C8
640,49,Economy,W8
641,44,First,R6
642,8,Business,V2
643,7,Economy,X7
644,8,Economy,N3
645,77,First,L3
646,65,Business,G1
647,90,Economy,S9
648,33,Economy,M9
649,37,First,C9
650,32,Business,T9
651,36,Economy,R8
652,93,First,E4
653,95,Business,K0
654,79,First,N0
655,17,Business,Q5
656,77,Economy,I4
657,22,First,X3
658,52,Business,U7
659,19,Business,O8
660,90,Economy,N9
661,68,First,V5
662,73,Business,O4
663,74,Economy,H9
664,72,First,A6
665,65,Economy,N5
666,96,Economy,S3
667,34,First,S0
668,42,Business,Z9
669,25,Economy,H0
670,59,First,R7
671,62,Business,Y5
672,90,First,R7
673,92,Business,L4
674,99,Economy,A3
675,99,First,L1
676,67,Business,N5
677,74,Economy,P7
678,43,Economy,B7
679,35,First,K7
680,64,Business,K0
681,27,Economy,C7
682,73,Economy,Y2
683,10,First,O4
684,6,Business,P5
685,81,Economy,T2
686,19,First,W5
687,13,Business,U7
688,99,First,G9
689,69,Business,U0
690,91,Economy,A4
691,24,First,A6
692,51,Business,T8
693,4,Business,J0
694,2,Economy,D3
695,46,First,D9
696,22,Business,U8
697,58,Economy,E6
698,42,Economy,Y3
699,99,Economy,P2
700,84,First,W9
701,43,Business,F7
702,23,Economy,J2
703,92,First,S2
704,82,Business,P0
705,78,First,I0
706,40,Business,L9
707,20,Economy,E3
708,65,First,Y3
709,98,Business,K0
710,66,Economy,L4
711,47,Economy,N2
712,43,First,Z6
713,70,Business,X6
714,88,Economy,F6
715,70,Economy,K1
716,36,First,D6
717,14,Business,B0
718,99,Economy,M1
719,6,First,S8
720,4,Business,Z1
721,41,First,P5
722,76,Business,X0
723,61,Economy,K0
724,6,First,B8
725,57,Business,P0
726,65,Business,Q2
727,73,Economy,B8
728,10,First,C5
729,24,Economy,A6
730,40,Economy,U6
731,37,First,C9
732,49,Business,S9
733,44,Economy,F6
734,89,First,X1
735,33,Business,Z0
736,22,First,U0
737,85,Business,X4
738,34,Economy,Q4
739,26,First,A8
740,21,Business,P0
741,15,Economy,D6
742,82,Economy,O3
743,65,First,T5
744,85,Business,W0
745,51,Economy,H1
746,86,Economy,C9
747,4,First,O7
748,73,Business,U1
749,19,Economy,X0
750,54,First,I6
751,83,Business,F8
752,88,First,P4
753,33,Business,U7
754,84,Economy,W4
755,36,First,E8
756,25,Business,N2
757,61,Business,N1
758,23,Economy,B3
759,50,First,B3
760,32,Business,V9
761,44,Economy,A1
762,7,First,J9
763,56,Business,O2
764,70,First,Z5
765,7,Business,Y1
766,60,Economy,U9
767,3,First,L2
768,4,Business,B9
769,44,Economy,G4
770,49,First,N4
771,51,Business,V4
772,96,First,A0
773,48,Business,U2
774,48,Economy,Z5
775,74,First,P9
776,95,Business,Z5
777,72,Economy,F6
778,65,Economy,U6
779,96,First,O9
780,24,Business,F9
781,51,Economy,N2
782,26,First,I5
783,42,Business,Y6
784,48,First,L1
785,10,Business,B7
786,7,Economy,S7
787,39,First,Q6
788,74,Business,M0
789,94,Economy,Y0
790,68,Economy,B9
791,31,First,Z0
792,77,Business,I1
793,22,Economy,V6
794,26,Economy,H9
795,95,First,F5
796,65,Business,L2
797,61,Economy,J9
798,94,First,U2
799,84,Business,Y9
800,13,First,S6
801,44,Business,O5
802,83,Economy,M8
803,66,First,W6
804,97,Business,M8
805,57,Business,Y8
806,23,Economy,A8
807,78,First,T8
808,40,Business,G7
809,96,Economy,N8
810,45,First,D3
811,25,Business,V4
812,23,First,W7
813,67,Business,I8
814,73,Economy,X3
815,8,First,W8
816,44,Business,Z9
817,10,Economy,S4
818,24,First,N5
819,5,Business,C6
820,11,First,R4
821,41,Business,H4
822,70,Economy,O2
823,84,First,A7
824,52,Business,Z6
825,92,Economy,W0
826,72,Economy,N5
827,38,First,Y6
828,34,Business,I7
829,39,Economy,Y0
830,28,First,G5
831,3,Business,S5
832,61,First,I7
833,26,Business,J1
834,37,Economy,R1
835,32,First,X4
836,36,Business,T4
837,35,Economy,J6
838,69,Economy,E1
839,51,First,G7
840,65,Business,H1
841,21,Economy,A6
842,69,Economy,O3
843,49,First,K6
844,66,Business,V3
845,70,Economy,C9
846,47,First,R0
847,10,Business,E8
848,45,First,B2
849,36,Business,R9
850,24,Economy,Q6
851,20,First,N3
852,72,Business,H1
853,12,Business,U2
854,92,Economy,J6
855,2,First,Z1
856,77,Business,P8
857,27,Economy,D9
858,12,First,H9
859,31,Economy,E1
860,91,Economy,P9
861,20,First,C4
862,100,Business,B8
863,10,Economy,W1
864,8,First,G3
865,29,Business,T6
866,67,First,H0
867,6,Business,Y6
868,70,Economy,V2
869,42,First,P4
870,43,Business,Q9
871,9,Economy,B3
872,50,Economy,Y8
873,31,First,W6
874,93,Business,Q9
875,44,Economy,W4
876,86,Economy,T3
877,63,First,C5
878,88,Business,O0
879,68,Economy,H1
880,51,First,E4
881,84,Business,T0
882,60,First,F9
883,27,Business,J4
884,93,Economy,S3
885,72,First,G8
886,11,Business,N7
887,22,Business,S6
888,5,Economy,O8
889,58,First,N5
890,78,Business,G6
891,38,Economy,G7
892,47,Economy,X6
893,26,Economy,Z7
894,62,First,Q4
895,92,Business,G8
896,91,Economy,W5
897,95,First,I7
898,23,Business,C2
899,22,First,Q1
900,54,Business,C2
901,86,Economy,Q1
902,41,First,V6
903,39,Business,B3
904,30,Economy,E6
905,99,Economy,R8
906,7,First,F0
907,84,Business,F8
908,18,Economy,F8
909,62,Economy,O3
910,77,First,Y8
911,33,Business,E0
912,30,Economy,Q6
913,48,First,J3
914,47,Business,F8
915,85,First,G3
916,13,Business,C6
917,63,Economy,Q7
918,47,First,Y7
919,98,Business,Z5
920,31,Business,G0
921,11,Economy,G9
922,70,First,R3
923,95,Economy,X7
924,68,Economy,M2
925,26,First,M3
926,99,Business,F3
927,71,Economy,U8
928,20,First,F4
929,87,Business,Y4
930,67,First,A2
931,42,Business,B9
932,94,Economy,E1
933,12,First,O4
934,58,Business,P1
935,67,Economy,U4
936,17,Economy,L6
937,60,First,R8
938,28,Business,K4
939,28,Economy,G9
940,27,Economy,U4
941,3,First,F4
942,92,Business,I0
943,6,Economy,P6
944,42,First,G0
945,9,Business,O4
946,11,First,C2
947,84,Business,P7
948,28,Economy,W2
949,26,First,E5
950,53,Business,Y8
951,73,Business,P5
952,14,Economy,H4
953,74,First,C9
954,34,Business,M8
955,29,Economy,E1
956,48,First,F3
957,94,Business,R8
958,61,First,H9
959,18,Business,C2
960,63,Economy,S9
961,20,First,Q8
962,13,Business,G0
963,75,Economy,D6
964,48,First,U0
965,9,Business,P5
966,37,First,I0
967,19,Business,G0
968,75,Economy,O5
969,31,First,X0
970,15,Business,T9
971,32,Economy,G8
972,74,Economy,U5
973,5,First,J5
974,10,Business,N0
975,67,Economy,S0
976,37,First,H5
977,44,Business,T8
978,70,First,P9
979,64,Business,C9
980,26,Economy,T6
981,29,First,M1
982,6,Business,H2
983,11,Economy,I1
984,87,Economy,G2
985,84,First,N7
986,31,Business,B9
987,27,Economy,F1
988,86,Economy,C8
989,22,First,Y4
990,94,Business,E3
991,65,Economy,B5
992,74,First,Z9
993,77,Business,S5
994,8,First,V7
995,100,Business,M0
996,25,Economy,E8
997,43,First,E4
998,8,Business,T1
999,78,Business,I3
1000,50,Economy,W7
1001,17,First,W0
1002,76,Business,S9
1003,56,Economy,X7
1004,96,First,O1
1005,68,Business,R1
1006,62,First,P4
1007,79,Business,R1
1008,5,Economy,B1
1009,87,First,A3
1010,33,Business,G6
1011,58,Economy,K0
1012,79,First,N5
1013,23,Business,C7
1014,33,First,F5
1015,21,Business,K1
1016,43,Economy,G3
1017,22,First,T2
1018,43,Business,G6
1019,12,Economy,K1
1020,9,Economy,E9
1021,8,First,Y9
1022,18,Business,M1
1023,9,Economy,L2
1024,35,First,W5
1025,49,Business,W1
1026,58,First,S8
1027,63,Business,I8
1028,55,Economy,D8
1029,53,First,F8
1030,94,Business,P7
1031,53,Economy,J2
1032,93,Economy,S0
1033,11,First,P3
1034,96,Business,J7
1035,24,Economy,F0
1036,85,Economy,P2
1037,98,First,V5
1038,63,Business,D7
1039,19,Economy,N3
1040,54,First,K1
1041,100,Business,V8
1042,11,First,V0
1043,49,Business,S6
1044,52,Economy,C3
1045,99,First,N4
1046,3,Business,M4
1047,10,Business,Z3
1048,79,Economy,O0
1049,15,First,Z5
1050,71,Business,P1
1051,80,Economy,W3
1052,46,First,T1
1053,30,Economy,I0
1054,53,Economy,M9
1055,78,First,T1
1056,31,Business,N3
1057,48,Economy,P8
1058,53,First,V0
1059,10,Business,W8
1060,47,First,K2
1061,19,Business,C1
1062,9,Economy,T2
1063,15,First,W1
1064,83,Business,D2
1065,46,Economy,S3
1066,84,Economy,M1
1067,43,First,Q7
1068,31,Business,E1
1069,64,Economy,D8
1070,14,Economy,G5
1071,90,First,V3
1072,18,Business,X1
1073,13,Economy,K6
1074,98,First,V6
1075,26,Business,J6
1076,49,First,Q8
1077,33,Business,U0
1078,89,Economy,N5
1079,82,First,K1
1080,54,Business,Y7
1081,5,Business,W9
1082,18,Economy,J6
1083,70,First,A5
1084,20,Business,K4
1085,69,Economy,P1
1086,12,Economy,N7
1087,43,Economy,U1
1088,86,First,G0
1089,70,Business,C6
1090,77,Economy,R8
1091,22,First,Z6
1092,55,Business,O2
1093,4,First,N4
1094,82,Business,K4
1095,49,Economy,X7
1096,4,First,W0
1097,47,Business,W9
1098,49,Economy,Z0
1099,69,Economy,M5
1100,31,First,Z3
1101,60,Business,I2
1102,44,Economy,E2
1103,21,Economy,C5
1104,80,First,B2
1105,72,Business,P9
1106,74,Economy,G7
1107,31,First,O6
1108,87,Business,N6
1109,73,First,D0
1110,7,Business,M6
1111,63,Economy,P2
1112,61,First,D2
1113,97,Business,K3
1114,3,Business,Y4
1115,66,Economy,Y0
1116,2,First,V5
1117,26,Economy,V6
1118,49,Economy,V0
1119,35,First,V1
1120,73,Business,L6
1121,41,Economy,X0
1122,36,First,B8
1123,21,Business,J0
1124,4,First,L2
1125,77,Business,F1
1126,7,Economy,V0
1127,74,First,S5
1128,37,Business,O1
1129,92,Economy,B1
1130,22,Economy,J0
1131,73,First,G4
1132,74,Business,Q4
1133,5,Economy,Z0
1134,98,Economy,C0
1135,14,First,V1
1136,26,Business,J1
1137,7,Economy,O9
1138,85,First,O3
1139,85,Business,O1
1140,42,First,L8
1141,75,Business,S5
1142,84,Economy,Z2
1143,59,First,Y8
1144,44,Business,C4
1145,44,Business,X3
1146,6,Economy,M2
1147,22,First,M3
1148,77,Business,O4
1149,27,Economy,M7
1150,60,First,X6
1151,100,Business,Q1
1152,69,First,O0
1153,46,Business,Q0
1154,31,Economy,R1
1155,6,First,R8
1156,95,Business,T2
1157,5,Economy,S4
1158,57,First,C6
1159,86,Business,I5
1160,15,First,U5
1161,78,Business,W9
1162,77,Economy,F8
1163,66,First,W2
1164,4,Business,C2
1165,60,Economy,Y4
1166,19,Economy,B8
1167,28,First,J7
1168,21,Business,H7
1169,24,Economy,E7
1170,19,First,L9
1171,75,Business,T9
1172,91,First,E0
1173,64,Business,O6
1174,65,Economy,X0
1175,42,First,Y5
1176,33,Business,Y1
1177,93,Economy,F4
1178,92,Economy,V9
1179,33,First,U7
1180,40,Business,I7
1181,82,Economy,A3
1182,93,Economy,Q1
1183,95,First,R3
1184,15,Business,U9
1185,75,Economy,L3
1186,29,First,Z3
1187,13,Business,V7
1188,46,First,X4
1189,54,Business,N6
1190,1,Economy,B7
1191,79,First,P6
1192,26,Business,V4
1193,30,Business,H8
1194,59,Economy,V4
1195,92,First,C4
1196,73,Business,H9
1197,83,Economy,L7
1198,78,First,A9
1199,4,Business,M7
1200,52,First,Q0
1201,60,Business,G0
1202,4,Economy,U2
1203,92,First,I1
1204,50,Business,Q3
1205,8,Economy,D6
1206,18,First,I4
1207,85,Business,U0
1208,2,First,Z0
1209,28,Business,S4
1210,47,Economy,E2
1211,79,First,M3
1212,28,Business,A1
1213,7,Economy,M3
1214,81,Economy,X7
1215,1,First,A3
1216,9,Business,L5
1217,83,Economy,C1
1218,31,First,X0
1219,16,Business,B8
1220,57,First,A9
1221,57,Business,P2
1222,50,Economy,V8
1223,11,First,U2
1224,26,Business,K3
1225,100,Economy,D1
1226,38,Economy,C6
1227,92,First,G1
1228,28,Business,X3
1229,34,Economy,V4
1230,62,Economy,H7
1231,37,First,A2
1232,80,Business,O8
1233,28,Economy,H3
1234,58,First,Q9
1235,73,Business,L8
1236,95,First,X0
1237,63,Business,L5
1238,66,Economy,G3
1239,94,First,G1
1240,73,Business,Q1
1241,53,Business,J9
1242,77,Economy,P4
1243,95,First,D5
1244,71,Business,E5
1245,92,Economy,H8
1246,3,First,P0
1247,42,Economy,X9
1248,90,Economy,Z0
1249,74,First,C7
1250,23,Business,T6
1251,92,Economy,X9
1252,2,First,J9
1253,90,Business,A0
1254,43,First,F4
1255,1,Business,W6
1256,41,Economy,I9
1257,86,First,Q2
1258,67,Business,P4
1259,60,Economy,F1
1260,90,Economy,Q9
1261,100,First,I6
1262,5,Business,Y8
1263,87,Economy,H6
1264,5,Economy,G5
1265,36,First,E3
1266,5,Business,V3
1267,58,Economy,B1
1268,17,First,A6
1269,65,Business,L4
1270,58,First,W8
1271,41,Business,U8
1272,92,Economy,T0
1273,10,First,P2
1274,99,Business,L3
1275,53,Business,I9
1276,66,Economy,M8
1277,34,First,V3
1278,35,Business,J4
1279,28,Economy,H6
1280,41,Economy,I6
1281,98,Economy,D2
1282,79,First,Y8
1283,14,Business,V9
1284,43,Economy,T7
1285,6,First,X4
1286,93,Business,C7
1287,98,First,W1
1288,94,Business,T4
1289,45,Economy,P9
1290,61,First,T5
1291,32,Business,A1
1292,57,Economy,P6
1293,8,Economy,O2
1294,75,First,K9
1295,36,Business,W6
1296,78,Economy,S4
1297,14,Economy,U3
1298,97,First,Z9
1299,50,Business,D9
1300,29,Economy,E2
1301,54,First,L5
1302,36,Business,L1
1303,38,First,E0
1304,45,Business,Z8
1305,13,Economy,D4
1306,52,First,R7
1307,35,Business,L3
1308,76,Business,N7
1309,25,Economy,Y5
1310,26,First,V8
1311,94,Economy,J9
1312,26,Economy,I7
1313,46,First,R3
1314,98,Business,W7
1315,100,Economy,Y0
1316,29,First,D9
1317,3,Business,X0
1318,91,First,I1
1319,53,Business,I4
1320,41,Economy,O6
1321,79,First,V9
1322,31,Business,R1
1323,2,Economy,U6
1324,57,Economy,O3
1325,22,First,T1
1326,27,Business,E9
1327,74,Economy,Q8
1328,58,Economy,E1
1329,2,First,B1
1330,21,Business,Z3
1331,33,Economy,C2
1332,61,First,W5
1333,73,Business,X5
1334,98,First,A3
1335,3,Business,R9
1336,71,Economy,N3
1337,88,First,J4
1338,5,Business,S3
1339,13,Business,E1
1340,66,Economy,O1
1341,76,First,F5
1342,15,Business,P9
1343,99,Economy,G1
1344,56,First,K4
1345,15,Business,L9
1346,77,First,A2
1347,31,Business,G6
1348,56,Economy,N2
1349,41,First,F3
1350,15,Business,Z5
1351,19,Economy,Q3
1352,57,First,H2
1353,19,Business,N7
1354,85,First,W9
1355,87,Business,F1
1356,25,Economy,E9
1357,1,First,A2
1358,82,Business,B8
1359,38,Economy,Y8
1360,73,Economy,B6
1361,98,First,U2
1362,33,Business,W3
1363,30,Economy,L0
1364,33,First,K3
1365,48,Business,F5
1366,63,First,U4
1367,19,Business,U4
1368,93,Economy,U3
1369,99,First,U4
1370,5,Business,O3
1371,73,Economy,L4
1372,21,Economy,A6
1373,74,First,G1
1374,12,Business,E8
1375,94,Economy,N0
1376,6,Economy,H4
1377,73,First,K9
1378,9,Business,N6
1379,64,Economy,E5
1380,8,First,S5
1381,25,Business,B7
1382,95,First,G2
1383,27,Business,O8
1384,18,Economy,F6
1385,80,First,Q7
1386,76,Business,I7
1387,16,Business,H7
1388,9,Economy,M2
1389,70,First,N3
1390,64,Business,K8
1391,68,Economy,G8
1392,6,First,F6
1393,94,Business,W6
1394,10,First,D3
1395,37,Business,O6
1396,78,Economy,F2
1397,6,First,V3
1398,11,Business,K3
1399,59,Economy,R6
1400,56,First,I2
1401,49,Business,C7
1402,93,First,I1
1403,56,Business,O6
1404,89,Economy,I5
1405,54,First,U7
1406,24,Business,B7
1407,5,Economy,B0
1408,12,Economy,J6
1409,12,First,H0
1410,28,Business,Y1
1411,2,Economy,G6
1412,4,First,N7
1413,17,Business,T9
1414,55,First,H3
1415,86,Business,I0
1416,54,Economy,M3
1417,4,First,F8
1418,12,Business,Y7
1419,77,Economy,F0
1420,33,Economy,G5
1421,28,First,B9
1422,87,Business,N5
1423,79,Economy,L2
1424,56,Economy,X1
1425,18,First,F4
1426,63,Business,F2
1427,87,Economy,W2
1428,89,First,N4
1429,26,Business,H7
1430,52,First,V6
1431,42,Business,F1
1432,26,Economy,K8
1433,42,First,T2
1434,83,Business,P6
1435,78,Business,A6
1436,61,Economy,N8
1437,64,First,N0
1438,20,Business,L4
1439,28,Economy,W9
1440,5,First,P9
1441,84,Economy,K0
1442,61,Economy,N1
1443,20,First,C7
1444,28,Business,Y4
1445,34,Economy,X0
1446,15,First,G8
1447,58,Business,P9
1448,98,First,O9
1449,65,Business,A2
1450,6,Economy,K4
1451,53,First,F7
1452,34,Business,H8
1453,37,Economy,S2
1454,45,Economy,B2
1455,93,First,F4
1456,5,Business,A1
1457,49,Economy,I4
1458,69,Economy,T4
1459,73,First,G1
1460,68,Business,O0
1461,1,Economy,C2
1462,49,First,B4
1463,65,Business,I4
1464,85,First,A1
1465,20,Business,C9
1466,5,Economy,Q1
1467,57,First,K9
1468,64,Business,B4
1469,92,Business,E7
1470,76,Economy,U3
1471,88,First,X4
1472,53,Business,E1
1473,97,Economy,D6
1474,46,Economy,I2
1475,86,Economy,H0
1476,38,First,H7
1477,98,Business,S2
1478,99,Economy,T7
1479,90,First,N6
1480,29,Business,C6
1481,29,First,B5
1482,10,Business,F4
1483,15,Economy,L1
1484,78,First,N9
1485,25,Business,X4
1486,64,Economy,I2
1487,71,Economy,V8
1488,93,First,O2
1489,17,Business,R3
1490,27,Economy,I8
1491,100,Economy,R1
1492,85,First,T9
1493,53,Business,W2
1494,30,Economy,P3
1495,50,First,Q0
1496,8,Business,E0
1497,59,First,D7
1498,53,Business,Y5
1499,43,Economy,P2
1500,85,First,Z9
1501,67,Business,N6
1502,79,Business,P2
1503,10,Economy,C3
1504,89,First,J9
1505,12,Economy,K2
1506,35,Economy,K9
1507,68,First,O5
1508,50,Business,S2
1509,36,Economy,U3
1510,80,First,U2
1511,25,Business,S3
1512,68,First,V7
1513,6,Business,Z2
1514,34,Economy,D5
1515,99,First,U4
1516,74,Business,H5
1517,8,Economy,I1
1518,5,Economy,P2
1519,71,First,D5
1520,84,Business,R0
1521,80,Economy,B3
1522,63,Economy,P3
1523,11,First,Q8
1524,6,Business,O6
1525,25,Economy,I4
1526,17,First,U5
1527,10,Business,E2
1528,98,First,X8
1529,26,Business,B4
1530,88,Economy,L1
1531,99,First,B1
1532,88,Business,M2
1533,38,Business,X6
1534,89,Economy,K0
1535,76,First,U0
1536,47,Business,M8
1537,79,Economy,B3
1538,39,First,F8
1539,44,Business,Y2
1540,15,First,S6
1541,81,Business,Z9
1542,78,Economy,U4
1543,42,First,J6
1544,36,Business,S0
1545,17,Economy,J1
1546,59,First,S7
1547,20,Business,C6
1548,91,First,Y9
1549,19,Business,Q9
1550,86,Economy,Y1
1551,73,First,U9
1552,52,Business,W9
1553,90,Economy,P7
1554,20,Economy,X6
1555,59,First,Q7
1556,43,Business,B8
1557,19,Economy,B0
1558,29,First,F6
1559,25,Business,A8
1560,13,First,M3
1561,40,Business,Z8
1562,58,Economy,X7
1563,71,First,X6
1564,10,Business,T4
1565,98,Economy,Q3
1566,58,Economy,P8
1567,37,First,W8
1568,69,Business,E3
1569,10,Economy,Q0
1570,61,Economy,R5
1571,13,First,S1
1572,45,Business,R7
1573,44,Economy,W3
1574,86,First,F3
1575,23,Business,F3
1576,87,First,U7
1577,33,Business,Y8
1578,78,Economy,K8
1579,66,First,I7
1580,2,Business,J3
1581,36,Business,P0
1582,25,Economy,N4
1583,8,First,H1
1584,68,Business,Z6
1585,72,Economy,B4
1586,59,First,G8
1587,87,Business,U7
1588,46,First,J3
1589,97,Business,Q1
1590,36,Economy,A6
1591,51,First,K2
1592,72,Business,T2
1593,84,Economy,L0
1594,19,First,D4
1595,47,Business,W8
1596,41,First,B9
1597,57,Business,N2
1598,3,Economy,Q2
1599,11,First,W2
1600,61,Business,I8
1601,45,Economy,T1
1602,78,Economy,R1
1603,100,First,D4
1604,68,Business,V3
1605,15,Economy,I6
1606,28,First,W3
1607,38,Business,X5
1608,5,First,H8
1609,27,Business,G3
1610,33,Economy,C8
1611,53,First,X2
1612,71,Business,O7
1613,47,Economy,P2
1614,33,Economy,Z4
1615,81,First,P1
1616,95,Business,D9
1617,4,Economy,V7
1618,92,Economy,V6
1619,31,First,J0
1620,61,Business,M9
1621,72,Economy,U1
1622,75,First,N6
1623,83,Business,Y7
1624,30,First,R1
1625,32,Business,V4
1626,56,Economy,L1
1627,99,First,T3
1628,81,Business,H8
1629,50,Business,S5
1630,75,Economy,A3
1631,92,First,I6
1632,24,Business,W3
1633,92,Economy,Q3
1634,79,First,N0
1635,5,Economy,X7
1636,30,Economy,Y3
1637,46,First,Z4
1638,93,Business,F2
1639,53,Economy,T2
1640,42,First,L6
1641,14,Business,T3
1642,14,First,R5
1643,87,Business,Q8
1644,30,Economy,S8
1645,20,First,B2
1646,56,Business,N6
1647,60,Economy,D4
1648,31,Economy,L1
1649,18,First,S7
1650,82,Business,H9
1651,90,Economy,D3
1652,27,Economy,K3
1653,23,First,A7
1654,32,Business,O4
1655,1,Economy,R1
1656,11,First,G6
1657,37,Business,I6
1658,62,First,Z1
1659,45,Business,O5
1660,35,Economy,Z3
1661,56,First,G8
1662,11,Business,L4
1663,71,Business,H0
1664,18,Economy,X5
1665,46,First,V5
1666,26,Business,X5
1667,63,Economy,B7
1668,88,Economy,B6
1669,89,Economy,S3
1670,59,First,H5
1671,27,Business,N6
1672,58,Economy,F4
1673,74,First,H2
1674,91,Business,Z5
1675,96,First,S3
1676,51,Business,Q5
1677,12,Economy,G8
1678,42,First,O2
1679,59,Business,M8
1680,63,Economy,D7
1681,18,Economy,H7
1682,59,First,Q7
1683,51,Business,Q7
1684,66,Economy,J0
1685,95,Economy,W0
1686,86,First,D9
1687,11,Business,I6
1688,10,Economy,C6
1689,26,First,C9
1690,75,Business,T2
1691,40,First,W4
1692,53,Business,H8
1693,14,Economy,Y3
1694,18,First,Z1
1695,58,Business,S6
1696,95,Business,B5
1697,97,Economy,P6
1698,43,First,Q2
1699,80,Economy,H0
1700,75,Economy,L3
1701,50,First,C6
1702,91,Business,W5
1703,74,Economy,M3
1704,68,First,N7
1705,100,Business,J6
1706,59,First,U4
1707,1,Business,I9
1708,79,Economy,V2
1709,87,First,W9
1710,50,Business,Q7
1711,21,Economy,M3
1712,73,Economy,Y2
1713,59,First,H3
1714,99,Business,K3
1715,75,Economy,U4
1716,14,Economy,U9
1717,60,First,Q1
1718,5,Business,B0
1719,38,Economy,F0
1720,29,First,I3
1721,2,Business,P6
1722,74,First,K7
1723,65,Business,A9
1724,90,Economy,G8
1725,35,First,J0
1726,40,Business,D7
1727,63,Business,W7
1728,72,Economy,G2
1729,81,First,V3
1730,44,Business,U1
1731,9,Economy,A1
1732,8,First,E0
1733,30,Business,V5
1734,88,First,L2
1735,41,Business,Q9
1736,71,Economy,D4
1737,97,First,G8
1738,16,Business,N3
1739,82,Economy,D9
1740,35,First,B3
1741,83,Business,U3
1742,8,First,W6
1743,88,Business,U8
1744,39,Economy,D0
1745,5,First,S8
1746,82,Business,A4
1747,100,Economy,N4
1748,14,Economy,Z7
1749,10,First,Q0
1750,58,Business,S7
1751,61,Economy,U2
1752,94,First,Z8
1753,70,Business,H3
1754,14,First,Y6
1755,35,Business,V0
1756,7,Economy,C8
1757,6,First,J4
1758,20,Business,X5
1759,66,Economy,K0
1760,10,Economy,B4
1761,97,First,X0
1762,16,Business,O5
1763,100,Economy,X6
1764,51,Economy,H4
1765,10,First,B3
1766,73,Business,J6
1767,51,Economy,W2
1768,36,First,Q9
1769,58,Business,D6
1770,72,First,U7
1771,75,Business,P0
1772,48,Economy,Y5
1773,48,First,Z1
1774,56,Business,M8
1775,19,Business,Y9
1776,3,Economy,N8
1777,87,First,U1
1778,93,Business,B6
1779,38,Economy,J6
1780,94,First,F8
1781,11,Business,I3
1782,2,First,T7
1783,22,Business,D4
1784,17,Economy,Z4
1785,79,First,A6
1786,40,Business,K7
1787,73,Economy,Z8
1788,67,First,W5
1789,84,Business,L9
1790,32,First,V1
1791,25,Business,E6
1792,72,Economy,Q4
1793,86,First,X9
1794,37,Business,P1
1795,90,Economy,O5
1796,58,Economy,J0
1797,22,First,E2
1798,95,Business,Y4
1799,3,Economy,E4
1800,25,First,L7
1801,55,Business,G4
1802,66,First,M7
1803,55,Business,A4
1804,21,Economy,P5
1805,1,First,L5
1806,97,Business,M9
1807,90,Economy,Y7
1808,58,Economy,M7
1809,17,First,C6
1810,1,Business,M4
1811,75,Economy,R2
1812,43,Economy,X9
1813,88,First,T6
1814,54,Business,X5
1815,100,Economy,F3
1816,8,First,Q2
1817,24,Business,O1
1818,39,First,L8
1819,54,Business,T1
1820,13,Economy,S0
1821,34,First,G1
1822,62,Business,O1
1823,26,Business,U7
1824,74,Economy,O0
1825,73,First,J0
1826,40,Business,Q7
1827,24,Economy,C0
1828,28,First,F8
1829,80,Economy,O2
1830,19,Economy,Y1
1831,21,First,U4
1832,58,Business,N2
1833,28,Economy,Z5
1834,72,First,O5
1835,59,Business,O1
1836,82,First,A1
1837,53,Business,Y4
1838,9,Economy,G1
1839,85,First,D3
1840,78,Business,L2
1841,100,Economy,S0
1842,87,Economy,T8
1843,50,First,U0
1844,52,Business,X7
1845,75,Economy,R4
1846,62,Economy,C2
1847,19,First,D6
1848,27,Business,Y8
1849,76,Economy,R0
1850,24,First,A0
1851,7,Business,F8
1852,68,First,W8
1853,49,Business,M7
1854,54,Economy,N2
1855,5,First,E1
1856,5,Business,Z4
1857,21,Business,T3
1858,84,Economy,R9
1859,18,First,Q6
1860,42,Business,D7
1861,21,Economy,N2
1862,1,Economy,P0
1863,88,Economy,T2
1864,39,First,G2
1865,35,Business,J5
1866,65,Economy,P3
1867,3,First,L6
1868,58,Business,G2
1869,45,First,H7
1870,37,Business,K7
1871,84,Economy,L7
1872,31,First,F8
1873,20,Business,F4
1874,78,Economy,M5
1875,31,Economy,H9
1876,11,First,G7
1877,19,Business,S9
1878,88,Economy,N1
1879,64,Economy,L3
1880,41,First,V7
1881,24,Business,B5
1882,42,Economy,Z1
1883,44,First,N3
1884,88,Business,E5
1885,22,First,W7
1886,62,Business,E9
1887,17,Economy,Y8
1888,63,First,O8
1889,8,Business,T9
1890,13,Business,N6
1891,62,Economy,F3
1892,8,First,X0
1893,74,Economy,F1
1894,3,Economy,W6
1895,48,First,T0
1896,57,Business,E4
1897,30,Economy,X1
1898,22,First,Q8
1899,12,Business,K4
1900,71,First,Q5
1901,55,Business,M9
1902,43,Economy,Z7
1903,34,First,M8
1904,64,Business,H0
1905,13,Economy,P7
1906,4,Economy,I7
1907,20,First,Z7
1908,19,Business,B2
1909,52,Economy,H1
1910,10,Economy,M5
1911,62,First,M2
1912,73,Business,U0
1913,95,Economy,L6
1914,16,First,D2
1915,20,Business,B1
1916,65,First,H2
1917,78,Business,D3
1918,27,Economy,J7
1919,73,First,Q6
1920,30,Business,X9
1921,87,Business,F9
1922,73,Economy,T5
1923,86,First,F6
1924,44,Business,E3
1925,41,Economy,H2
1926,57,First,C6
1927,5,Business,Q9
1928,68,First,R3
1929,62,Business,Z7
1930,69,Economy,A1
1931,24,First,N6
1932,42,Business,L0
1933,78,Economy,L1
1934,20,First,B0
1935,57,Business,L7
1936,95,First,N1
1937,26,Business,B0
1938,65,Economy,Y8
1939,10,First,L6
1940,77,Business,D8
1941,48,Economy,U5
1942,72,Economy,Z2
1943,54,First,C8
1944,78,Business,D0
1945,4,Economy,L0
1946,2,First,R1
1947,61,Business,R6
1948,36,First,F4
1949,62,Business,E2
1950,7,Economy,G3
1951,8,First,M3
1952,18,Business,K5
1953,7,Economy,O9
1954,80,Economy,B7
1955,24,First,T6
1956,85,Business,L7
1957,55,Economy,M4
1958,14,Economy,G2
1959,92,First,W1
1960,75,Business,P2
1961,11,Economy,P5
1962,96,First,O1
1963,40,Business,E5
1964,94,First,N4
1965,22,Business,P8
1966,100,Economy,S9
1967,7,First,C5
1968,19,Business,U8
1969,92,Business,X9
1970,64,Economy,S4
1971,2,First,P7
1972,36,Business,P7
1973,88,Economy,A1
1974,35,First,G6
1975,6,Business,K2
1976,68,First,B3
1977,94,Business,B2
1978,68,Economy,C1
1979,62,First,P5
1980,43,Business,O3
1981,85,Economy,P5
1982,54,First,S2
1983,11,Business,T2
1984,81,First,Q3
1985,22,Business,T7
1986,29,Economy,S9
1987,99,First,T6
1988,5,Business,C8
1989,96,Economy,K9
1990,8,Economy,G8
1991,96,First,P3
1992,77,Business,R4
1993,48,Economy,G1
1994,38,First,P2
1995,96,Business,N1
1996,20,First,S1
1997,17,Business,Q6
1998,36,Economy,C6
1999,66,First,M1
2000,26,Business,E3
2001,92,Economy,C9
2002,1,Economy,I8
2003,60,First,O4
2004,85,Business,Z6
2005,46,Economy,U2
2006,64,Economy,O4
2007,13,First,T6
2008,25,Business,N1
2009,13,Economy,Q0
2010,84,First,S8
2011,77,Business,Y1
2012,96,First,B9
2013,66,Business,B6
2014,31,Economy,U0
2015,93,First,M7
2016,77,Business,V3
2017,58,Business,E8
2018,16,Economy,P9
2019,38,First,W0
2020,11,Business,T8
2021,77,Economy,B1
2022,92,First,N7
2023,91,Economy,Q3
2024,93,Economy,O9
2025,76,First,H3
2026,34,Business,C1
2027,44,Economy,E7
2028,13,First,Z0
2029,24,Business,K6
2030,15,First,O0
2031,22,Business,O9
2032,30,Economy,Q9
2033,20,First,A1
2034,89,Business,D1
2035,57,Economy,B0
2036,79,Economy,N6
2037,20,First,D3
2038,17,Business,E0
2039,54,Economy,C6
2040,97,Economy,O2
2041,86,First,K3
2042,47,Business,U4
2043,79,Economy,Y5
2044,10,First,G9
2045,42,Business,L9
2046,25,First,M5
2047,63,Business,I0
2048,61,Economy,W0
2049,80,First,G1
2050,97,Business,F9
2051,96,Business,U4
2052,89,Economy,B2
2053,46,First,P5
2054,88,Business,N2
2055,64,Economy,I9
2056,1,Economy,R8
2057,9,Economy,T6
2058,27,First,Z9
2059,21,Business,N4
2060,89,Economy,Z5
2061,12,First,S9
2062,66,Business,W6
2063,84,First,W6
2064,84,Business,S1
2065,55,Economy,U3
2066,59,First,E1
2067,8,Business,N3
2068,55,Economy,W6
2069,44,Economy,D7
2070,87,First,G6
2071,99,Business,G2
2072,1,Economy,Y3
2073,85,Economy,R9
2074,90,First,V4
2075,8,Business,U0
2076,61,Economy,F6
2077,97,First,J6
2078,25,Business,S3
2079,37,First,E4
2080,23,Business,J2
2081,9,Economy,E0
2082,9,First,F1
2083,30,Business,M7
2084,90,Business,R9
2085,26,Economy,A1
2086,24,First,Z2
2087,4,Economy,E8
2088,70,Economy,T4
2089,97,First,R3
2090,48,Business,K2
2091,9,Economy,V6
2092,4,First,H1
2093,7,Business,M0
2094,59,First,K6
2095,12,Business,T2
2096,70,Economy,D2
2097,9,First,D7
2098,21,Business,W7
2099,35,Economy,R8
2100,9,Economy,Y2
2101,35,First,L0
2102,24,Business,Y9
2103,97,Economy,B7
2104,51,Economy,J5
2105,93,First,F4
2106,49,Business,C2
2107,13,Economy,Y4
2108,81,First,Y0
2109,58,Business,N0
2110,62,First,W7
2111,80,Business,E7
2112,14,Economy,J0
2113,35,First,P9
2114,99,Business,U5
2115,62,Business,Y2
2116,54,Economy,G0
2117,87,First,D2
2118,29,Business,B5
2119,43,Economy,R6
2120,17,First,G7
2121,92,Business,P2
2122,80,First,X7
2123,92,Business,R1
2124,79,Economy,Z2
2125,45,First,V2
2126,99,Business,G7
2127,10,Economy,A1
2128,94,First,A6
2129,17,Business,G1
2130,56,First,L8
2131,68,Business,R2
2132,66,Economy,A6
2133,95,First,W9
2134,73,Business,K2
2135,73,Economy,W1
2136,76,Economy,X0
2137,28,First,K2
2138,86,Business,T6
2139,47,Economy,U1
2140,37,First,I6
2141,65,Business,P6
2142,72,First,K7
2143,99,Business,P6
2144,2,Economy,Q8
2145,14,First,G0
2146,43,Business,U9
2147,97,Economy,E6
2148,54,Economy,S5
2149,36,First,X7
2150,26,Business,C9
2151,57,Economy,C6
2152,10,Economy,U3
2153,27,First,G0
2154,37,Business,C2
2155,87,Economy,M0
2156,49,First,F0
2157,17,Business,E1
2158,93,First,Z9
2159,3,Business,Q6
2160,91,Economy,U6
2161,36,First,Y1
2162,77,Business,F3
2163,88,Business,M2
2164,77,Economy,Q3
2165,26,First,H2
2166,82,Business,P7
2167,29,Economy,O2
2168,82,First,J5
2169,75,Business,O3
2170,86,First,V1
2171,5,Business,B5
2172,51,Economy,Q9
2173,18,First,J9
2174,88,Business,A9
2175,13,Economy,Y4
2176,64,First,S3
2177,11,Business,T2
2178,42,First,L8
2179,30,Business,G0
2180,43,Economy,G2
2181,33,First,S8
2182,29,Business,O4
2183,53,Economy,E5
2184,2,Economy,J4
2185,79,First,T4
2186,24,Business,W2
2187,31,Economy,O2
2188,12,First,T7
2189,98,Business,B7
2190,86,First,A0
2191,95,Business,T4
2192,11,Economy,W6
2193,76,First,A6
2194,83,Business,Y5
2195,74,Economy,D5
2196,56,Economy,J3
2197,39,First,E1
2198,100,Business,C6
2199,20,Economy,Y4
2200,97,Economy,E6
2201,9,First,R9
2202,68,Business,U1
2203,73,Economy,G2
2204,33,First,E1
2205,2,Business,Y0
2206,89,First,Z0
2207,1,Business,X9
2208,53,Economy,U9
2209,91,First,A7
2210,43,Business,V4
2211,52,Business,F3
2212,29,Economy,K8
2213,48,First,D2
2214,71,Business,V1
2215,83,Economy,I7
2216,70,First,D6
2217,29,Economy,U5
2218,10,Economy,Y6
2219,9,First,R7
2220,11,Business,U1
2221,4,Economy,Z4
2222,49,First,M6
2223,82,Business,P6
2224,100,First,O7
2225,71,Business,G4
2226,39,Economy,J2
2227,61,First,E6
2228,64,Business,C2
2229,39,Economy,O7
2230,78,Economy,H6
2231,14,First,Q5
2232,14,Business,G1
2233,87,Economy,S4
2234,84,Economy,U6
2235,3,First,H6
2236,76,Business,T0
2237,71,Economy,G1
2238,78,First,S9
2239,56,Business,I8
2240,34,First,M5
2241,53,Business,A0
2242,2,Economy,G3
2243,9,First,M4
2244,70,Business,P9
2245,62,Business,B7
2246,82,Economy,N5
2247,75,First,T0
2248,85,Business,W7
2249,74,Economy,E8
2250,61,Economy,L7
2251,12,Economy,P5
2252,28,First,M3
2253,84,Business,C3
2254,73,Economy,G8
2255,9,First,G1
2256,53,Business,C3
2257,29,First,P5
2258,37,Business,P3
2259,31,Economy,U4
2260,79,First,V7
2261,99,Business,U8
2262,80,Economy,Q7
2263,34,Economy,G4
2264,57,First,I7
2265,63,Business,D5
2266,86,Economy,G9
2267,14,Economy,V1
2268,72,First,Q3
2269,83,Business,A4
2270,23,Economy,P3
2271,57,First,O4
2272,47,Business,R7
2273,93,First,N7
2274,22,Business,S0
2275,77,Economy,B8
2276,19,First,L8
2277,39,Business,Z1
2278,77,Business,Z1
2279,64,Economy,E3
2280,93,First,M4
2281,29,Economy,Y0
2282,63,Economy,S9
2283,12,First,H4
2284,96,Business,H5
2285,94,Economy,D4
2286,80,First,R1
2287,16,Business,H5
2288,86,First,Q0
2289,99,Business,O4
2290,59,Economy,T9
2291,2,First,Z7
2292,75,Business,C2
2293,61,Economy,M1
2294,69,Economy,I4
2295,51,First,C9
2296,89,Business,O7
2297,34,Economy,I1
2298,97,Economy,K8
2299,67,First,A1
2300,93,Business,Y6
2301,33,Economy,G4
2302,30,First,R3
2303,17,Business,Z0
2304,2,First,B7
2305,61,Business,L2
2306,41,Economy,T0
2307,49,First,D7
2308,93,Business,L1
2309,74,Business,C0
2310,14,Economy,Z4
2311,43,First,K5
2312,40,Business,N5
2313,37,Economy,Q6
2314,93,First,P1
2315,42,Business,R3
2316,56,First,K6
2317,92,Business,O0
2318,45,Economy,V1
2319,80,First,T3
2320,87,Business,B3
2321,5,Economy,O9
2322,33,First,K3
2323,97,Business,J3
2324,28,First,H4
2325,50,Business,R5
2326,33,Economy,I5
2327,8,First,P4
2328,97,Business,Q9
2329,11,Economy,S0
2330,43,Economy,K9
2331,17,First,L0
2332,58,Business,G5
2333,2,Economy,X2
2334,20,First,J4
2335,32,Business,N0
2336,86,First,R1
2337,72,Business,G3
2338,43,Economy,U4
2339,87,First,L2
2340,23,Business,V1
2341,44,Economy,I9
2342,49,Economy,K2
2343,7,First,K1
2344,99,Business,L9
2345,23,Economy,R8
2346,50,Economy,S2
2347,94,First,J5
2348,100,Business,J8
2349,45,Economy,K4
2350,45,First,K6
2351,1,Business,R9
2352,65,First,P9
2353,18,Business,W4
2354,20,Economy,E1
2355,86,First,B4
2356,54,Business,O2
2357,53,Business,R4
2358,69,Economy,O7
2359,74,First,U8
2360,83,Business,F9
2361,49,Economy,R1
2362,80,First,U9
2363,76,Business,R2
2364,66,First,N3
2365,31,Business,C8
2366,88,Economy,A1
2367,71,First,B4
2368,8,Business,L8
2369,39,Economy,K2
2370,14,First,T5
2371,22,Business,U4
2372,79,First,A5
2373,16,Business,I3
2374,41,Economy,S5
2375,82,First,F4
2376,72,Business,Y5
2377,3,Economy,T7
2378,8,Economy,D3
2379,59,First,H3
2380,45,Business,C5
2381,82,Economy,E0
2382,24,First,V0
2383,82,Business,N3
2384,41,First,P0
2385,86,Business,Q6
2386,12,Economy,W9
2387,55,First,Q7
2388,39,Business,I5
2389,48,Economy,S2
2390,80,Economy,P6
2391,68,First,M7
2392,65,Business,M3
2393,76,Economy,W3
2394,9,Economy,W1
2395,20,First,B4
2396,29,Business,Q1
2397,81,Economy,V2
2398,77,First,S4
2399,48,Business,N1
2400,9,First,I3
2401,79,Business,B0
2402,2,Economy,B8
2403,51,First,J2
2404,9,Business,K9
2405,33,Business,U4
2406,57,Economy,D2
2407,62,First,K0
2408,30,Business,E1
2409,50,Economy,L0
2410,32,First,L1
2411,22,Economy,S4
2412,53,Economy,W9
2413,3,First,P4
2414,98,Business,E8
2415,52,Economy,U6
2416,83,First,C6
2417,89,Business,E2
2418,21,First,I6
2419,23,Business,X4
2420,60,Economy,K7
2421,85,First,B4
2422,26,Business,T5
2423,100,Economy,L5
2424,29,Economy,K2
2425,34,First,P1
2426,19,Business,L4
2427,99,Economy,F2
2428,72,Economy,V6
2429,51,First,I0
2430,74,Business,W8
2431,30,Economy,T1
2432,80,First,X1
2433,72,Business,L2
2434,32,First,M3
2435,94,Business,R3
2436,77,Economy,C6
2437,54,First,S7
2438,86,Business,R0
2439,26,Business,V6
2440,6,Economy,U6
2441,99,First,S6
2442,81,Business,N3
2443,38,Economy,S2
2444,65,Economy,V1
2445,78,Economy,I6
2446,70,First,U9
2447,32,Business,Z2
2448,78,Economy,I9
2449,98,First,U0
2450,44,Business,B2
2451,94,First,R1
2452,65,Business,P0
2453,55,Economy,C7
2454,65,First,G7
2455,49,Business,C8
2456,24,Economy,T2
2457,4,Economy,H3
2458,1,First,U0
2459,38,Business,T5
2460,61,Economy,R3
2461,38,Economy,P9
2462,3,First,T9
2463,9,Business,F1
2464,79,Economy,V0
2465,14,First,P2
2466,70,Business,M0
2467,21,First,M6
2468,65,Business,O5
2469,51,Economy,A2
2470,7,First,S3
2471,99,Business,L9
2472,100,Business,Z3
2473,60,Economy,B4
2474,86,First,S1
2475,23,Economy,W6
2476,35,Economy,O8
2477,37,First,M7
2478,88,Business,E3
2479,11,Economy,M3
2480,99,First,M4
2481,31,Business,A9
2482,57,First,Q6
2483,18,Business,D3
2484,18,Economy,M9
2485,58,First,E5
2486,21,Business,R3
2487,23,Economy,T1
2488,16,Economy,Q6
2489,1,First,X1
2490,37,Business,V3
2491,38,Economy,S2
2492,10,Economy,C2
2493,65,First,L4
2494,85,Business,Y0
2495,60,Economy,L2
2496,96,First,J1
2497,29,Business,K7
2498,46,First,R0
2499,87,Business,I0
2500,86,Economy,P7
2501,3,First,D0
2502,77,Business,W9
2503,100,Business,A6
2504,2,Economy,N1
2505,100,First,E8
2506,81,Business,B9
2507,85,Economy,L3
2508,59,First,U8
2509,57,Business,B6
2510,12,First,F3
2511,96,Business,O8
2512,97,Economy,T6
2513,18,First,V4
2514,94,Business,N6
2515,9,Economy,S7
2516,9,First,J1
2517,69,Business,H1
2518,83,First,V3
2519,9,Business,O4
2520,31,Economy,O5
2521,77,First,T8
2522,27,Business,B0
2523,90,Economy,G8
2524,40,Economy,B1
2525,91,First,V3
2526,31,Business,G6
2527,9,Economy,O9
2528,40,First,K1
2529,79,Business,M5
2530,22,First,U4
2531,81,Business,J5
2532,48,Economy,M2
2533,72,First,A6
2534,93,Business,R4
2535,51,Economy,S8
2536,15,Economy,L2
2537,61,First,X9
2538,82,Business,F3
2539,6,Economy,D6
2540,69,Economy,B5
2541,86,First,R4
2542,87,Business,J9
2543,36,Economy,A9
2544,78,First,I6
2545,66,Business,C3
2546,93,First,X1
2547,47,Business,E3
2548,57,Economy,Q9
2549,56,First,M6
2550,81,Business,T8
2551,6,Business,X6
2552,94,Economy,Y8
2553,91,First,G2
2554,37,Business,F8
2555,87,Economy,Z6
2556,64,First,R7
2557,63,Business,D0
2558,56,First,T8
2559,14,Business,M7
2560,63,Economy,O5
2561,80,First,S0
2562,19,Business,Q8
2563,92,Economy,Q5
2564,47,First,M9
2565,73,Business,X8
2566,70,First,K9
2567,88,Business,A7
2568,48,Economy,M4
2569,17,First,A6
2570,55,Business,V0
2571,18,Economy,J2
2572,73,Economy,I1
2573,54,First,E0
2574,8,Business,S0
2575,93,Economy,Z0
2576,22,First,F4
2577,74,Business,G9
2578,5,First,U8
2579,32,Business,D5
2580,4,Economy,Y0
2581,50,First,K7
2582,64,Business,L4
2583,76,Economy,Q3
2584,58,Economy,E8
2585,35,First,W0
2586,18,Business,X6
2587,89,Economy,V8
2588,6,Economy,G6
2589,96,First,F3
2590,91,Business,M2
2591,58,Economy,H2
2592,51,First,G9
2593,13,Business,U9
2594,53,First,Z8
2595,17,Business,E4
2596,79,Economy,Z9
2597,62,First,O7
2598,1,Business,F5
2599,3,Business,I2
2600,89,Economy,Y5
2601,73,First,O3
2602,31,Business,L7
2603,84,Economy,W3
2604,65,First,Y0
2605,53,Economy,M2
2606,71,Economy,L8
2607,75,First,B5
2608,14,Business,F6
2609,38,Economy,H5
2610,43,First,S0
2611,17,Business,E2
2612,38,First,V1
2613,51,Business,G2
2614,21,Economy,S5
2615,50,First,O6
2616,61,Business,Y5
